id_ubicacionxbarrio;latitud;longitud;id_barrio
700905;-34,5312811224661;-58,4612093046257;25014
700906;-34,5332974906401;-58,4637851885758;25014
700907;-34,5331949922376;-58,4637801164719;25014
700908;-34,5333681829229;-58,4641542774054;25014
700909;-34,533389593;-58,4641549849999;25014
700910;-34,5335657529999;-58,464539906;25014
700911;-34,5341270818916;-58,4657664356917;25014
700912;-34,5341154140701;-58,4657731794785;25014
700913;-34,5346273329853;-58,466945035236;25014
700914;-34,5346484998921;-58,4671951536556;25014
700915;-34,5346613383959;-58,4674998828024;25014
700916;-34,5348520784759;-58,4676161947573;25014
700917;-34,53490833261;-58,4677894297792;25014
700918;-34,5350454147016;-58,4679394008127;25014
700919;-34,5350915641251;-58,4680256884093;25014
700920;-34,5351648839332;-58,4681223699826;25014
700921;-34,5352756148324;-58,4683272830873;25014
700922;-34,5354521558182;-58,4687488252699;25014
700923;-34,5358781427161;-58,4696559311372;25014
700924;-34,5359338481516;-58,4697856126963;25014
700925;-34,5364923950572;-58,4712022207614;25014
700926;-34,5371852558389;-58,4732699100139;25014
700927;-34,5372318100908;-58,4733888712092;25014
700928;-34,5375500361897;-58,4743306627801;25014
700929;-34,5377923566653;-58,4749688695731;25014
700930;-34,5381746015166;-58,4759857510728;25014
700931;-34,5382356215514;-58,4761806960522;25014
700932;-34,5363324031328;-58,477152079436;25014
700933;-34,5353562807989;-58,4776599836594;25014
700934;-34,5344066469484;-58,4781238272331;25014
700935;-34,5335195474299;-58,4785429562875;25014
700936;-34,5326420000067;-58,4790054677522;25014
700937;-34,5323910392738;-58,4791189454523;25014
700938;-34,5315580034774;-58,4795370701231;25014
700939;-34,5305549705283;-58,4800562956731;25014
700940;-34,5296237545808;-58,4805524216834;25014
700941;-34,5288447807952;-58,4809695353589;25014
700942;-34,5277434280646;-58,481555855039;25014
700943;-34,5265529058144;-58,4822200108178;25014
700944;-34,5238766367268;-58,4837278591723;25014
700945;-34,5228738524325;-58,4842687591719;25014
700946;-34,5220500766969;-58,4847083938214;25014
700947;-34,5208494421924;-58,48528552118;25014
700948;-34,5184951088074;-58,4865913285205;25014
700949;-34,5183832086199;-58,4866532448423;25014
700950;-34,5182216642094;-58,4863458164971;25014
700951;-34,5179071795448;-58,4856981393454;25014
700952;-34,5171209533447;-58,4840789681509;25014
700953;-34,5162979845308;-58,4824060478024;25014
700954;-34,5156779828141;-58,4811105953459;25014
700955;-34,5148547035903;-58,4794159609397;25014
700956;-34,5140501027585;-58,4777754649004;25014
700957;-34,5140316730021;-58,4777431333854;25014
700958;-34,5133747632341;-58,4763830899195;25014
700959;-34,5127552433879;-58,4751312740847;25014
700960;-34,5123658228484;-58,4742618295557;25014
700961;-34,5122628219671;-58,4739533799204;25014
700962;-34,5129081009366;-58,4736585051696;25014
700963;-34,5123424358581;-58,4719316100388;25014
700964;-34,512297948052;-58,4718846420577;25014
700965;-34,5121589127833;-58,4713412619031;25014
700966;-34,511479407866;-58,4708069328911;25014
700967;-34,5114665594528;-58,4704207505347;25014
700968;-34,5115570589808;-58,4704163561379;25014
700969;-34,5116205809999;-58,47038961;25014
700970;-34,511776996;-58,470377578;25014
700971;-34,511806179;-58,4703753329999;25014
700972;-34,5119917769999;-58,4703753329999;25014
700973;-34,511998691;-58,470373103;25014
700974;-34,5122130669999;-58,470303949;25014
700975;-34,5123772489999;-58,470275396;25014
700976;-34,5124771869999;-58,4702254269999;25014
700977;-34,512562847;-58,4701183509999;25014
700978;-34,5126056779999;-58,470032691;25014
700979;-34,512648508;-58,469932753;25014
700980;-34,512698477;-58,469775709;25014
700981;-34,512712753;-58,469647218;25014
700982;-34,5127698599999;-58,469425928;25014
700983;-34,5127627219999;-58,469268884;25014
700984;-34,5127627219999;-58,469147531;25014
700985;-34,512805552;-58,4689762099999;25014
700986;-34,5128697979999;-58,468819165;25014
700987;-34,512934043;-58,4686906749999;25014
700988;-34,5130125659999;-58,4685978759999;25014
700989;-34,5131696089999;-58,468483662;25014
700990;-34,513326653;-58,468412278;25014
700991;-34,513448007;-58,468369448;25014
700992;-34,513576498;-58,4683480319999;25014
700993;-34,513669297;-58,4683408939999;25014
700994;-34,5138049249999;-58,468369448;25014
700995;-34,5138834479999;-58,468362309;25014
700996;-34,513954832;-58,468376586;25014
700997;-34,5140119389999;-58,468369448;25014
700998;-34,514076184;-58,468355171;25014
700999;-34,5141618449999;-58,468419416;25014
701000;-34,514218952;-58,4684693849999;25014
701001;-34,514304613;-58,4684908;25014
701002;-34,5143902729999;-58,46853363;25014
701003;-34,514461656;-58,4685764609999;25014
701004;-34,514518763;-58,468612153;25014
701005;-34,514618701;-58,468619291;25014
701006;-34,514690086;-58,468633568;25014
701007;-34,514775745;-58,4687049519999;25014
701008;-34,514832852;-58,468797751;25014
701009;-34,514868335;-58,4688864569999;25014
701010;-34,514875683;-58,468904826;25014
701011;-34,514889959;-58,468911965;25014
701012;-34,514989897;-58,4689619329999;25014
701013;-34,5151612189999;-58,4689690719999;25014
701014;-34,515325402;-58,468919103;25014
701015;-34,515461031;-58,468861996;25014
701016;-34,5155538299999;-58,468812027;25014
701017;-34,5155702129999;-58,468801495;25014
701018;-34,5156537669999;-58,468747782;25014
701019;-34,515810812;-58,468654983;25014
701020;-34,5159178869999;-58,4685621839999;25014
701021;-34,5160392399999;-58,468512215;25014
701022;-34,516139177;-58,4684908;25014
701023;-34,516253391;-58,468497938;25014
701024;-34,5163319129999;-58,468512215;25014
701025;-34,516460405;-58,4685550459999;25014
701026;-34,516581757;-58,4686050139999;25014
701027;-34,516638864;-58,468626429;25014
701028;-34,5167031089999;-58,4686978129999;25014
701029;-34,516767354;-58,46875492;25014
701030;-34,516853016;-58,4688477189999;25014
701031;-34,516902984;-58,468911965;25014
701032;-34,5169529529999;-58,46901904;25014
701033;-34,516988645;-58,469176085;25014
701034;-34,517017198;-58,4693331289999;25014
701035;-34,517031474;-58,4694830349999;25014
701036;-34,5170457519999;-58,469554419;25014
701037;-34,5170743049999;-58,4696115259999;25014
701038;-34,517217073;-58,469668633;25014
701039;-34,517502608;-58,4697328779999;25014
701040;-34,5177238979999;-58,469789986;25014
701041;-34,517988018;-58,469789986;25014
701042;-34,5180879559999;-58,469804263;25014
701043;-34,518287831;-58,469768571;25014
701044;-34,518387768;-58,4697186019999;25014
701045;-34,518430597;-58,46964008;25014
701046;-34,5184591519999;-58,469497312;25014
701047;-34,5184591519999;-58,469425928;25014
701048;-34,5184877039999;-58,469390236;25014
701049;-34,518544811;-58,469433067;25014
701050;-34,5185947799999;-58,4694544819999;25014
701051;-34,518616196;-58,469447343;25014
701052;-34,5187518239999;-58,4692331919999;25014
701053;-34,518908869;-58,469118978;25014
701054;-34,519065914;-58,468997625;25014
701055;-34,519287203;-58,468861996;25014
701056;-34,519558462;-58,4686906749999;25014
701057;-34,519644123;-58,468619291;25014
701058;-34,5197654749999;-58,468497938;25014
701059;-34,5198582749999;-58,468433693;25014
701060;-34,519908244;-58,468398001;25014
701061;-34,519943934;-58,468376586;25014
701062;-34,520029596;-58,468355171;25014
701063;-34,5201081179999;-58,4683266169999;25014
701064;-34,5202151939999;-58,4683194789999;25014
701065;-34,5203722369999;-58,468390863;25014
701066;-34,520479313;-58,4684551079999;25014
701067;-34,5206220819999;-58,468512215;25014
701068;-34,5207577109999;-58,468540769;25014
701069;-34,520857647;-58,46853363;25014
701070;-34,5208862019999;-58,4684908;25014
701071;-34,520879064;-58,468412278;25014
701072;-34,520914756;-58,468362309;25014
701073;-34,5209932779999;-58,468383724;25014
701074;-34,521114629;-58,468390863;25014
701075;-34,5211360449999;-58,4683266169999;25014
701076;-34,521214567;-58,46817671;25014
701077;-34,5212788119999;-58,46817671;25014
701078;-34,5213644739999;-58,468240957;25014
701079;-34,521442995;-58,4683194789999;25014
701080;-34,521508393;-58,468424114;25014
701081;-34,5215143799999;-58,468433693;25014
701082;-34,521585764;-58,468419416;25014
701083;-34,5216357319999;-58,468362309;25014
701084;-34,521714253;-58,468290925;25014
701085;-34,521785638;-58,4682052649999;25014
701086;-34,521935544;-58,468162434;25014
701087;-34,522064035;-58,4681053269999;25014
701088;-34,522185387;-58,46804822;25014
701089;-34,522335294;-58,4679625599999;25014
701090;-34,5224923379999;-58,467898314;25014
701091;-34,522556584;-58,4678269299999;25014
701092;-34,5226565209999;-58,467791239;25014
701093;-34,522827842;-58,467776962;25014
701094;-34,5229420549999;-58,467726993;25014
701095;-34,522963471;-58,467662748;25014
701096;-34,5231205159999;-58,4674700109999;25014
701097;-34,523220452;-58,467412904;25014
701098;-34,5232561449999;-58,4673415199999;25014
701099;-34,5232632829999;-58,467234445;25014
701100;-34,5232846989999;-58,467127369;25014
701101;-34,52332039;-58,466998878;25014
701102;-34,523356083;-58,46685611;25014
701103;-34,5234060509999;-58,466720481;25014
701104;-34,523491712;-58,4665562979999;25014
701105;-34,523577372;-58,4664349459999;25014
701106;-34,523648755;-58,466356424;25014
701107;-34,523734417;-58,466242209;25014
701108;-34,523841493;-58,466127995;25014
701109;-34,52394143;-58,4660494729999;25014
701110;-34,524084198;-58,465963813;25014
701111;-34,5241698579999;-58,465899567;25014
701112;-34,524241241;-58,4658067679999;25014
701113;-34,5240506744616;-58,4658869609613;25014
701114;-34,5238612526267;-58,4659417935977;25014
701115;-34,5238263591308;-58,4657473869777;25014
701116;-34,5238487906639;-58,465585381461;25014
701117;-34,5239634407218;-58,46535109656;25014
701118;-34,5241478777716;-58,4652439236797;25014
701119;-34,5243672083172;-58,4653211878492;25014
701120;-34,52446967;-58,465378465;25014
701121;-34,52446967;-58,4652928049999;25014
701122;-34,524491085;-58,4651714519999;25014
701123;-34,5245553299999;-58,465007268;25014
701124;-34,524562094;-58,4649937409999;25014
701125;-34,524598161;-58,464921609;25014
701126;-34,5246909599999;-58,464814533;25014
701127;-34,524755206;-58,4647574259999;25014
701128;-34,524862281;-58,46469318;25014
701129;-34,524924052;-58,464657882;25014
701130;-34,524962219;-58,464636073;25014
701131;-34,525033602;-58,464600381;25014
701132;-34,525104986;-58,464557551;25014
701133;-34,5251763699999;-58,4645289979999;25014
701134;-34,5252905839999;-58,464471889;25014
701135;-34,525411936;-58,4644076449999;25014
701136;-34,525519012;-58,464321984;25014
701137;-34,525611812;-58,46420777;25014
701138;-34,5256903329999;-58,4641292479999;25014
701139;-34,52575122;-58,464085757;25014
701140;-34,52579027;-58,464057864;25014
701141;-34,525875932;-58,463986479;25014
701142;-34,525968731;-58,4638936809999;25014
701143;-34,5260758059999;-58,463800882;25014
701144;-34,5261757439999;-58,4636652529999;25014
701145;-34,526247128;-58,4635581759999;25014
701146;-34,5262828199999;-58,463451102;25014
701147;-34,526339927;-58,463365441;25014
701148;-34,526389894;-58,463229812;25014
701149;-34,5264255869999;-58,463165566;25014
701150;-34,526482694;-58,4630370749999;25014
701151;-34,526511248;-58,462965692;25014
701152;-34,5265754929999;-58,462837201;25014
701153;-34,526618324;-58,4627444019999;25014
701154;-34,526711123;-58,4626301879999;25014
701155;-34,5268324749999;-58,462537389;25014
701156;-34,5268681659999;-58,46253025;25014
701157;-34,5269538279999;-58,4625016969999;25014
701158;-34,5270965949999;-58,462466005;25014
701159;-34,527175117;-58,462466005;25014
701160;-34,527267916;-58,462458866;25014
701161;-34,5273250229999;-58,462423174;25014
701162;-34,527417822;-58,462344652;25014
701163;-34,527424961;-58,462287545;25014
701164;-34,527415424;-58,462260844;25014
701165;-34,527389269;-58,462187608;25014
701166;-34,527374992;-58,4621162239999;25014
701167;-34,5273107469999;-58,4621090859999;25014
701168;-34,5272393619999;-58,46218047;25014
701169;-34,527125149;-58,4622375769999;25014
701170;-34,527018073;-58,4622375769999;25014
701171;-34,526910997;-58,462209023;25014
701172;-34,526811059;-58,462151916;25014
701173;-34,526753952;-58,46204484;25014
701174;-34,5266968449999;-58,461916349;25014
701175;-34,526639739;-58,461787858;25014
701176;-34,526611185;-58,461659368;25014
701177;-34,5266040459999;-58,4614809079999;25014
701178;-34,5265612159999;-58,461302448;25014
701179;-34,5265612159999;-58,461138266;25014
701180;-34,5265587929999;-58,4610922379999;25014
701181;-34,5265540779999;-58,4610026359999;25014
701182;-34,5265540779999;-58,460902699;25014
701183;-34,5265826319999;-58,460759931;25014
701184;-34,5265826319999;-58,460637186;25014
701185;-34,5265826319999;-58,460567195;25014
701186;-34,526625462;-58,4603459049999;25014
701187;-34,526661154;-58,4602102759999;25014
701188;-34,5267253989999;-58,460017539;25014
701189;-34,526782506;-58,4599461559999;25014
701190;-34,526811059;-58,459903324;25014
701191;-34,5269119411253;-58,4596360404101;25014
701192;-34,5270365607535;-58,4596335480176;25014
701193;-34,5271786271297;-58,4595712382035;25014
701194;-34,5273979576754;-58,4595139131745;25014
701195;-34,527783905;-58,459564093;25014
701196;-34,5278915489999;-58,459647807;25014
701197;-34,52789754;-58,4596524679999;25014
701198;-34,5278988539999;-58,459653491;25014
701199;-34,52790865;-58,459661114;25014
701200;-34,527910821;-58,459662802;25014
701201;-34,5279657369999;-58,459705534;25014
701202;-34,527968785;-58,459707904;25014
701203;-34,5280366229999;-58,459760692;25014
701204;-34,528041463;-58,4597644569999;25014
701205;-34,5280546389999;-58,459774711;25014
701206;-34,528108109;-58,4598163169999;25014
701207;-34,528445571;-58,4600789039999;25014
701208;-34,528666588;-58,460250883;25014
701209;-34,5287621329999;-58,4603252279999;25014
701210;-34,529449257;-58,460859893;25014
701211;-34,529746717;-58,4610625239999;25014
701212;-34,530080061;-58,461289598;25014
701213;-34,53007;-58,4611101;25014
701214;-34,5312811224661;-58,4612093046257;25014
700621;-34,4995752905022;-58,477457674528;14086
700622;-34,499554334;-58,477316221;14086
700623;-34,4995781289999;-58,477298375;14086
700624;-34,499697101;-58,4772448369999;14086
700625;-34,499732947;-58,47722586;14086
700626;-34,499798228;-58,477191299;14086
700627;-34,499940996;-58,477149659;14086
700628;-34,5000483069999;-58,477129218;14086
700629;-34,500065918;-58,477125864;14086
700630;-34,500226531;-58,477125864;14086
700631;-34,5003276579999;-58,47714371;14086
700632;-34,500458529;-58,477155607;14086
700633;-34,5005537069999;-58,477149659;14086
700634;-34,5006369889999;-58,477090172;14086
700635;-34,5007619099999;-58,477066378;14086
700636;-34,500922524;-58,477042583;14086
700637;-34,5010890849999;-58,4770366339999;14086
700638;-34,5012437509999;-58,477030686;14086
700639;-34,501374622;-58,4770366339999;14086
700640;-34,501440057;-58,4769949939999;14086
700641;-34,501493594;-58,476935506;14086
700642;-34,501582825;-58,476905764;14086
700643;-34,501683952;-58,476881969;14086
700644;-34,5017434379999;-58,476876021;14086
700645;-34,501832667;-58,4768462769999;14086
700646;-34,50195759;-58,476816534;14086
700647;-34,502124152;-58,476780842;14086
700648;-34,502249073;-58,4767629959999;14086
700649;-34,5023204569999;-58,4767451499999;14086
700650;-34,502433482;-58,476709458;14086
700651;-34,502588147;-58,476673767;14086
700652;-34,502724966;-58,4766440229999;14086
700653;-34,5027963489999;-58,476608331;14086
700654;-34,5028617849999;-58,476566691;14086
700655;-34,502909374;-58,4765785879999;14086
700656;-34,5029867059999;-58,476608331;14086
700657;-34,503040244;-58,476655921;14086
700658;-34,5030771910333;-58,4767450691674;14086
700659;-34,503248447;-58,4766618689999;14086
700660;-34,5032516585128;-58,4765082918738;14086
700661;-34,5033638161782;-58,4764659212003;14086
700662;-34,5034447529999;-58,476584537;14086
700663;-34,503492342;-58,476649972;14086
700664;-34,503533982;-58,476655921;14086
700665;-34,5036053659999;-58,476626177;14086
700666;-34,5037302869999;-58,4765785879999;14086
700667;-34,503807621;-58,476548845;14086
700668;-34,5038373629999;-58,476530999;14086
700669;-34,5039206449999;-58,476376334;14086
700670;-34,5039420512531;-58,4761892656256;14086
700671;-34,503994391497;-58,4761493873446;14086
700672;-34,5040455659999;-58,4761026959999;14086
700673;-34,504057463;-58,476007517;14086
700674;-34,504051514;-58,475846904;14086
700675;-34,504033669;-58,475751725;14086
700676;-34,5040217719999;-58,4756268039999;14086
700677;-34,5039744523565;-58,475506350063;14086
700678;-34,5028229669918;-58,4737523287959;14086
700679;-34,5025612657725;-58,4738644864613;14086
700680;-34,5025288646692;-58,4737946994695;14086
700681;-34,5028678300579;-58,4736576178785;14086
700682;-34,5040277209999;-58,475489985;14086
700683;-34,504081259;-58,475406704;14086
700684;-34,50415859;-58,475317474;14086
700685;-34,504301359;-58,4752282439999;14086
700686;-34,504456024;-58,475133066;14086
700687;-34,5049378649999;-58,474859427;14086
700688;-34,505110375;-58,474746403;14086
700689;-34,5053126299999;-58,4746512249999;14086
700690;-34,505428627;-58,474833253;14086
700691;-34,5055809139999;-58,475109271;14086
700692;-34,50572491;-58,475193974;14086
700693;-34,5057427159999;-58,4752044489999;14086
700694;-34,50595211;-58,475309146;14086
700695;-34,506142467;-58,4753948059999;14086
700696;-34,506323305;-58,47542336;14086
700697;-34,506419079;-58,475388858;14086
700698;-34,506502359;-58,475442394;14086
700699;-34,5065182872408;-58,4754600922096;14086
700700;-34,5057239305255;-58,4738281801731;14086
700701;-34,5056378001122;-58,4738193971324;14086
700702;-34,5055976230139;-58,4738208695914;14086
700703;-34,5055979306858;-58,4738153314977;14086
700704;-34,5055108530727;-58,4738064518674;14086
700705;-34,5054954639332;-58,4738048825827;14086
700706;-34,505509817572;-58,473795325094;14086
700707;-34,5056625346175;-58,4736936369477;14086
700708;-34,5056891422405;-58,473724710368;14086
700709;-34,5057320877191;-58,4737748639079;14086
700710;-34,5057440510771;-58,473774760329;14086
700711;-34,50576130644;-58,4738089867616;14086
700712;-34,5058179931652;-58,4738751879084;14086
700713;-34,5060403699343;-58,4743625159992;14086
700714;-34,506613896082;-58,4755001190816;14086
700715;-34,5066629739999;-58,4755613679999;14086
700716;-34,506775998;-58,475549471;14086
700717;-34,50690092;-58,475525677;14086
700718;-34,5073404285144;-58,4752857733211;14086
700719;-34,507394658;-58,4752520389999;14086
700720;-34,5074353529999;-58,4751939029999;14086
700721;-34,507477939;-58,475133066;14086
700722;-34,5075374259999;-58,4750438359999;14086
700723;-34,507632604;-58,4749129639999;14086
700724;-34,5077039879999;-58,474782095;14086
700725;-34,5077634749999;-58,4746036349999;14086
700726;-34,507817012;-58,47449061;14086
700727;-34,507864602;-58,474365689;14086
700728;-34,507888395;-58,4743359459999;14086
700729;-34,5079062419999;-58,474288357;14086
700730;-34,507995471;-58,474216973;14086
700731;-34,508060907;-58,474121795;14086
700732;-34,5081382399999;-58,474080154;14086
700733;-34,508465416;-58,473980217;14086
700734;-34,508643875;-58,47396594;14086
700735;-34,508786643;-58,473958801;14086
700736;-34,508929409;-58,4739231089999;14086
700737;-34,509029347;-58,4739231089999;14086
700738;-34,509129284;-58,47396594;14086
700739;-34,5092220839999;-58,4741729529999;14086
700740;-34,509279191;-58,474337136;14086
700741;-34,50937199;-58,474594118;14086
700742;-34,509375715;-58,4746021;14086
700743;-34,509421959;-58,474701193;14086
700744;-34,509479066;-58,4747583;14086
700745;-34,5095504499999;-58,473616159;14086
700746;-34,5095504499999;-58,4734162839999;14086
700747;-34,5095932799999;-58,4732877929999;14086
700748;-34,509664663;-58,473187856;14086
700749;-34,5098431219999;-58,473109334;14086
700750;-34,509914507;-58,472959428;14086
700751;-34,5098288459999;-58,4729094589999;14086
700752;-34,509736048;-58,4728880439999;14086
700753;-34,509671801;-58,472873767;14086
700754;-34,509650387;-58,472823799;14086
700755;-34,509621833;-58,472709584;14086
700756;-34,509621833;-58,47259537;14086
700757;-34,50963611;-58,4724097719999;14086
700758;-34,509736048;-58,47228842;14086
700759;-34,5098074319999;-58,472209898;14086
700760;-34,509786015;-58,472102822;14086
700761;-34,5098288459999;-58,471945777;14086
700762;-34,509900231;-58,4718601169999;14086
700763;-34,5100595329999;-58,4717751549999;14086
700764;-34,510114382;-58,4717459029999;14086
700765;-34,510257149;-58,471674519;14086
700766;-34,5103499489999;-58,4716316889999;14086
700767;-34,510407056;-58,471567443;14086
700768;-34,5104427479999;-58,471531751;14086
700769;-34,510542685;-58,4714817829999;14086
700770;-34,5106427910955;-58,4714417400008;14086
700771;-34,51087301539;-58,4712372412141;14086
700772;-34,51091388;-58,4711248629999;14086
700773;-34,5110346389999;-58,471035634;14086
700774;-34,5111774059999;-58,4708643119999;14086
700775;-34,511222345;-58,470800648;14086
700776;-34,51129162;-58,470702509;14086
700777;-34,511376083;-58,470596056;14086
700778;-34,511377876;-58,4705894849999;14086
700779;-34,51144212;-58,4704752709999;14086
700780;-34,5114678037095;-58,4704581489267;14086
700781;-34,511479407866;-58,4708069328911;14086
700782;-34,5121589127833;-58,4713412619031;14086
700783;-34,512297948052;-58,4718846420577;14086
700784;-34,5123424358581;-58,4719316100388;14086
700785;-34,5129081009366;-58,4736585051696;14086
700786;-34,5122628219671;-58,4739533799204;14086
700787;-34,5123658228484;-58,4742618295557;14086
700788;-34,5127552433879;-58,4751312740847;14086
700789;-34,5133747632341;-58,4763830899195;14086
700790;-34,5138950141626;-58,4774601996085;14086
700791;-34,5140316730021;-58,4777431333854;14086
700792;-34,5140501027585;-58,4777754649004;14086
700793;-34,5148547035903;-58,4794159609397;14086
700794;-34,5156779828141;-58,4811105953459;14086
700795;-34,5162979845308;-58,4824060478024;14086
700796;-34,5171209533447;-58,4840789681509;14086
700797;-34,5179071795448;-58,4856981393454;14086
700798;-34,5182216642094;-58,4863458164971;14086
700799;-34,5183832086199;-58,4866532448423;14086
700800;-34,518489335136;-58,4868527813647;14086
700801;-34,5187661502589;-58,4873704737238;14086
700802;-34,5195983340977;-58,489065105679;14086
700803;-34,5204022500193;-58,490662273507;14086
700804;-34,5211972687732;-58,4922705224028;14086
700805;-34,5220757865189;-58,4940733187147;14086
700806;-34,5227598081877;-58,4954549366478;14086
700807;-34,5234626416624;-58,496901580363;14086
700808;-34,524174469969;-58,4983480870539;14086
700809;-34,5248491658948;-58,4997081614918;14086
700810;-34,5258479323455;-58,5017703333248;14086
700811;-34,5264768668716;-58,5030768288616;14086
700812;-34,5272168587947;-58,5046209534162;14086
700813;-34,5281596119511;-58,5065317716573;14086
700814;-34,5281964331887;-58,5066456128752;14086
700815;-34,5276031501783;-58,5070648193082;14086
700816;-34,5270080575912;-58,5074768063751;14086
700817;-34,5264244092615;-58,5078811646097;14086
700818;-34,5258522043624;-58,5082778932715;14086
700819;-34,5252075206646;-58,5087394717738;14086
700820;-34,5246009835346;-58,5091896056567;14086
700821;-34,5240135197901;-58,5096282958474;14086
700822;-34,5238227854714;-58,5097694396132;14086
700823;-34,5233230595806;-58,5101394654856;14086
700824;-34,5226173411484;-58,5106773371791;14086
700825;-34,5219841016282;-58,5111885066043;14086
700826;-34,5219650278255;-58,5117645260064;14086
700827;-34,5217742933132;-58,5119171143404;14086
700828;-34,5208702096138;-58,512722015548;14086
700829;-34,5200004584641;-58,5135688779579;14086
700830;-34,5188140875859;-58,5147552486491;14086
700831;-34,5187046796727;-58,5152501310916;14086
700832;-34,5183670448574;-58,5155976129991;14086
700833;-34,5177955631897;-58,5161857607366;14086
700834;-34,5173849791514;-58,516621435927;14086
700835;-34,5170320283818;-58,5169959562751;14086
700836;-34,5168776198337;-58,5171598013257;14086
700837;-34,5161170970635;-58,5176162720415;14086
700838;-34,5154647836562;-58,5183448794953;14086
700839;-34,5150679796776;-58,5192143761225;14086
700840;-34,5143966682345;-58,5197105408255;14086
700841;-34,5140419019089;-58,520111083704;14086
700842;-34,5137557992216;-58,5206184388385;14086
700843;-34,5136871347487;-58,5209922788233;14086
700844;-34,5133209234717;-58,5214614868044;14086
700845;-34,5129887377728;-58,5218721368776;14086
700846;-34,5126953136852;-58,5222625733605;14086
700847;-34,5120544442535;-58,5225181580848;14086
700848;-34,5117950449468;-58,5228691102197;14086
700849;-34,5114326481776;-58,5231246949814;14086
700850;-34,5111351018639;-58,5234489436966;14086
700851;-34,5106239325061;-58,5244255069402;14086
700852;-34,5101782875492;-58,5250191107833;14086
700853;-34,5100012742839;-58,5246367250612;14086
700854;-34,5095473437286;-58,5236212152134;14086
700855;-34,509149185907;-58,5227462807516;14086
700856;-34,5084548786156;-58,5212341764719;14086
700857;-34,508084002543;-58,5203805591179;14086
700858;-34,5074541994932;-58,5189871221067;14086
700859;-34,5069816719795;-58,5179284512176;14086
700860;-34,5066388652831;-58,5171614707272;14086
700861;-34,5060831027311;-58,5159300888479;14086
700862;-34,5056379810961;-58,5149036302798;14086
700863;-34,5049898294617;-58,513488826002;14086
700864;-34,5044806794166;-58,5123873175997;14086
700865;-34,5036192628769;-58,5104864028177;14086
700866;-34,5025729356574;-58,5082077595931;14086
700867;-34,5016929006571;-58,5062637144605;14086
700868;-34,5004706127708;-58,5036072691792;14086
700869;-34,4996184757167;-58,5017390322852;14086
700870;-34,4985351422444;-58,4993959503091;14086
700871;-34,4978218625714;-58,4978301401931;14086
700872;-34,4977196579091;-58,4975815765557;14086
700873;-34,4988392606776;-58,49700625143;14086
700874;-34,4994033656191;-58,4967021750561;14086
700875;-34,500030415778;-58,496386076926;14086
700876;-34,5009621117179;-58,4959229673065;14086
700877;-34,501732672128;-58,4955498415524;14086
700878;-34,5025299972361;-58,4951544526801;14086
700879;-34,50263732985;-58,4950871985679;14086
700880;-34,5034881851321;-58,4946472878651;14086
700881;-34,5043925702889;-58,4941628542642;14086
700882;-34,5045270707373;-58,4941059962938;14086
700883;-34,5053329988225;-58,4936777612708;14086
700884;-34,5063090678278;-58,4931593516129;14086
700885;-34,5062255476714;-58,4929648723122;14086
700886;-34,5059572312731;-58,4924035323412;14086
700887;-34,504706398913;-58,4896496880507;14086
700888;-34,5046505806197;-58,4895091547678;14086
700889;-34,5029552674345;-58,4858053321841;14086
700890;-34,502473581957;-58,4847579636548;14086
700891;-34,5022243941884;-58,4842056038138;14086
700892;-34,5017135726204;-58,4830732957489;14086
700893;-34,501166620417;-58,4818529459899;14086
700894;-34,5005553582349;-58,4805357947993;14086
700895;-34,500471818584;-58,4803413420173;14086
700896;-34,4992084376129;-58,4774949355438;14086
700897;-34,4991762961399;-58,477242128697;14086
700898;-34,499278024;-58,4773652709999;14086
700899;-34,4992866439999;-58,477375707;14086
700900;-34,499363976;-58,4774113989999;14086
700901;-34,49944131;-58,4774530399999;14086
700902;-34,4995126929999;-58,477482783;14086
700903;-34,4995627602941;-58,4774782312191;14086
700904;-34,4995752905022;-58,477457674528;14086
700170;-34,4900795970892;-58,4803523205503;14087
700171;-34,4900515016583;-58,4803372808742;14087
700172;-34,4897095914193;-58,4794687090754;14087
700173;-34,4897719714241;-58,4794271867006;14087
700174;-34,489761072;-58,479399566;14087
700175;-34,489797353;-58,479367316;14087
700176;-34,4898259079999;-58,4793244859999;14087
700177;-34,489883015;-58,479267379;14087
700178;-34,4899448809999;-58,4792340669999;14087
700179;-34,490011505;-58,479205513;14087
700180;-34,490092407;-58,4791579239999;14087
700181;-34,4902327949999;-58,479065124;14087
700182;-34,4904826389999;-58,4789461519999;14087
700183;-34,490637304;-58,47891046;14087
700184;-34,4907681729999;-58,478868819;14087
700185;-34,490893096;-58,478839076;14087
700186;-34,4910001719999;-58,478815281;14087
700187;-34,491154837;-58,4787795889999;14087
700188;-34,4912916549999;-58,478773641;14087
700189;-34,491446321;-58,4788033839999;14087
700190;-34,491654524;-58,4788212299999;14087
700191;-34,4918190538206;-58,4787981775423;14087
700192;-34,4919611201967;-58,4787034666249;14087
700193;-34,4920433691513;-58,478668573129;14087
700194;-34,4921181409283;-58,4786660807364;14087
700195;-34,4922028822755;-58,4786959894472;14087
700196;-34,4922672339999;-58,478672514;14087
700197;-34,492404054;-58,478624925;14087
700198;-34,492528975;-58,478541643;14087
700199;-34,4926419999999;-58,4785059509999;14087
700200;-34,4927490759999;-58,478500003;14087
700201;-34,49290374;-58,478500003;14087
700202;-34,4930405599999;-58,4785059509999;14087
700203;-34,493147635;-58,478541643;14087
700204;-34,493236865;-58,478589233;14087
700205;-34,4933498889999;-58,478726052;14087
700206;-34,493415324;-58,4788271789999;14087
700207;-34,493451017;-58,4789461519999;14087
700208;-34,493456965;-58,4790353819999;14087
700209;-34,493469456;-58,479099627;14087
700210;-34,4935194249999;-58,479121042;14087
700211;-34,493562255;-58,479149596;14087
700212;-34,493594378;-58,4791959949999;14087
700213;-34,4936372089999;-58,47922098;14087
700214;-34,49368004;-58,479231687;14087
700215;-34,4937157319999;-58,479270948;14087
700216;-34,493726438;-58,4793209169999;14087
700217;-34,4937478539999;-58,479378024;14087
700218;-34,4937835449999;-58,479381593;14087
700219;-34,4938299459999;-58,479399439;14087
700220;-34,4938515999567;-58,4794162908982;14087
700221;-34,4939481801686;-58,47926487805;14087
700222;-34,4939905508422;-58,4792779631109;14087
700223;-34,4940084049999;-58,479245964;14087
700224;-34,4940155429999;-58,479224549;14087
700225;-34,494040528;-58,4791710109999;14087
700226;-34,494069082;-58,479163872;14087
700227;-34,4941012039999;-58,4791924259999;14087
700228;-34,494151173;-58,47926024;14087
700229;-34,49420828;-58,479281656;14087
700230;-34,4942261259999;-58,479245964;14087
700231;-34,4942296949999;-58,4791959949999;14087
700232;-34,4942618169999;-58,479156734;14087
700233;-34,494283233;-58,4791781489999;14087
700234;-34,494343908;-58,479231687;14087
700235;-34,494397447;-58,479285225;14087
700236;-34,494418862;-58,47935304;14087
700237;-34,4943943184376;-58,4794137985057;14087
700238;-34,494568768;-58,4794851;14087
700239;-34,4946472899999;-58,479506515;14087
700240;-34,494697258;-58,479502946;14087
700241;-34,494715105;-58,4794422689999;14087
700242;-34,4947650739999;-58,479413716;14087
700243;-34,494800766;-58,479403008;14087
700244;-34,4948578729999;-58,479420854;14087
700245;-34,4948828569999;-58,4794565459999;14087
700246;-34,494943532;-58,479513653;14087
700247;-34,494993501;-58,479520792;14087
700248;-34,4950224013638;-58,4795583572744;14087
700249;-34,4950716261169;-58,4795776733168;14087
700250;-34,495093439;-58,479495807;14087
700251;-34,4951041469999;-58,4794351309999;14087
700252;-34,4952336316336;-58,4790941491593;14087
700253;-34,4952037229228;-58,4787402294152;14087
700254;-34,4952611919999;-58,4786963079999;14087
700255;-34,495318299;-58,478660616;14087
700256;-34,4953539909999;-58,478628494;14087
700257;-34,495411098;-58,4785820939999;14087
700258;-34,495468205;-58,4785464019999;14087
700259;-34,4955146039999;-58,478500003;14087
700260;-34,4954860509999;-58,4784321879999;14087
700261;-34,495468205;-58,478367943;14087
700262;-34,4955146039999;-58,478346527;14087
700263;-34,495578849;-58,478364374;14087
700264;-34,495607403;-58,478396496;14087
700265;-34,4956323869999;-58,478500003;14087
700266;-34,4956609399999;-58,4785499719999;14087
700267;-34,495693063;-58,478596371;14087
700268;-34,495735893;-58,4787141539999;14087
700269;-34,4957680159999;-58,4788247989999;14087
700270;-34,4957929999999;-58,478853353;14087
700271;-34,495839401;-58,478760554;14087
700272;-34,4958572469999;-58,4786856009999;14087
700273;-34,4958857999999;-58,4786677549999;14087
700274;-34,49592863;-58,478632063;14087
700275;-34,495950045;-58,4786820319999;14087
700276;-34,495957183;-58,478735569;14087
700277;-34,495967891;-58,478764123;14087
700278;-34,495978599;-58,478767692;14087
700279;-34,4960000139999;-58,478749846;14087
700280;-34,4960285679999;-58,478728431;14087
700281;-34,4960357059999;-58,478657047;14087
700282;-34,496074967;-58,478596371;14087
700283;-34,496089243;-58,478500003;14087
700284;-34,496103521;-58,47846788;14087
700285;-34,4961320739999;-58,478464311;14087
700286;-34,4961534879999;-58,478475018;14087
700287;-34,496164197;-58,4785392639999;14087
700288;-34,496174905;-58,478624925;14087
700289;-34,496199889;-58,4787248609999;14087
700290;-34,496235581;-58,4788033839999;14087
700291;-34,496253426;-58,478878337;14087
700292;-34,496606776;-58,478903321;14087
700293;-34,4968811031186;-58,4787601685557;14087
700294;-34,4970456010278;-58,4783165226793;14087
700295;-34,496896057474;-58,4779725725054;14087
700296;-34,4968774399999;-58,477643397;14087
700297;-34,496847697;-58,477577961;14087
700298;-34,4968179529999;-58,477458989;14087
700299;-34,496823902;-58,477340016;14087
700300;-34,4968595939999;-58,47723294;14087
700301;-34,496907184;-58,477090172;14087
700302;-34,496948824;-58,4769711989999;14087
700303;-34,496990465;-58,476935506;14087
700304;-34,497073746;-58,476858175;14087
700305;-34,4971451289999;-58,476798688;14087
700306;-34,4972522049999;-58,476727304;14087
700307;-34,497371178;-58,476655921;14087
700308;-34,4975258439999;-58,476584537;14087
700309;-34,497615073;-58,476530999;14087
700310;-34,4977102519999;-58,476489358;14087
700311;-34,497811379;-58,4764774609999;14087
700312;-34,4979184549999;-58,4764715119999;14087
700313;-34,4981920929999;-58,4764715119999;14087
700314;-34,498299167;-58,4764774609999;14087
700315;-34,498400294;-58,476489358;14087
700316;-34,4984597819999;-58,4764774609999;14087
700317;-34,4985371129999;-58,476465564;14087
700318;-34,498638241;-58,4764536659999;14087
700319;-34,498739368;-58,476489358;14087
700320;-34,4987929069999;-58,4765369469999;14087
700321;-34,498840495;-58,4766023829999;14087
700322;-34,498905931;-58,4766618689999;14087
700323;-34,4989773149999;-58,476757048;14087
700324;-34,499002699;-58,476807815;14087
700325;-34,499030853;-58,476864123;14087
700326;-34,499108185;-58,477108018;14087
700327;-34,499173619;-58,4772388879999;14087
700328;-34,4991762961399;-58,477242128697;14087
700329;-34,4992084376129;-58,4774949355438;14087
700330;-34,500471818584;-58,4803413420173;14087
700331;-34,5005553582349;-58,4805357947993;14087
700332;-34,501166620417;-58,4818529459899;14087
700333;-34,5017135726204;-58,4830732957489;14087
700334;-34,502473581957;-58,4847579636548;14087
700335;-34,5029552674345;-58,4858053321841;14087
700336;-34,5046505806197;-58,4895091547678;14087
700337;-34,504706398913;-58,4896496880507;14087
700338;-34,5059572312731;-58,4924035323412;14087
700339;-34,5062255476714;-58,4929648723122;14087
700340;-34,5063090678278;-58,4931593516129;14087
700341;-34,5053329988225;-58,4936777612708;14087
700342;-34,5045270707373;-58,4941059962938;14087
700343;-34,5043925702889;-58,4941628542642;14087
700344;-34,5034881851321;-58,4946472878651;14087
700345;-34,50263732985;-58,4950871985679;14087
700346;-34,5025299972361;-58,4951544526801;14087
700347;-34,501732672128;-58,4955498415524;14087
700348;-34,5009621117179;-58,4959229673065;14087
700349;-34,500030415778;-58,496386076926;14087
700350;-34,4994033656191;-58,4967021750561;14087
700351;-34,4988392606776;-58,49700625143;14087
700352;-34,4977196579091;-58,4975815765557;14087
700353;-34,4976267319815;-58,4973546206595;14087
700354;-34,496608274289;-58,4951628995152;14087
700355;-34,4957003324496;-58,4931652012727;14087
700356;-34,4948476373376;-58,4912645292923;14087
700357;-34,4943658653906;-58,4902063432431;14087
700358;-34,4934852832921;-58,4882409179177;14087
700359;-34,4933918016952;-58,4879704490703;14087
700360;-34,4928975941053;-58,4868802675728;14087
700361;-34,4927754779999;-58,4866165669999;14087
700362;-34,4927260219999;-58,486509769;14087
700363;-34,4917429999999;-58,484387;14087
700364;-34,4913599085429;-58,4834442945518;14087
700365;-34,4910553466745;-58,4827220616442;14087
700366;-34,4904697782381;-58,4812957357386;14087
700367;-34,4900795970892;-58,4803523205503;14087
700453;-34,5107462864857;-58,5262459901976;25019
700454;-34,5105698585085;-58,5258701700543;25019
700455;-34,5104913335482;-58,5256994985074;25019
700456;-34,5104291633972;-58,5255643744956;25019
700457;-34,510218034641;-58,5251054989658;25019
700458;-34,5101782875492;-58,5250191107833;25019
700459;-34,5106239325061;-58,5244255069402;25019
700460;-34,5111351018639;-58,5234489436966;25019
700461;-34,5114326481776;-58,5231246949814;25019
700462;-34,5117950449468;-58,5228691102197;25019
700463;-34,5120544442535;-58,5225181580848;25019
700464;-34,5126953136852;-58,5222625733605;25019
700465;-34,5129887377728;-58,5218721368776;25019
700466;-34,5133209234717;-58,5214614868044;25019
700467;-34,5136871347487;-58,5209922788233;25019
700468;-34,5137557992216;-58,5206184388385;25019
700469;-34,5140419019089;-58,520111083704;25019
700470;-34,5143966682345;-58,5197105408255;25019
700471;-34,5150679796776;-58,5192143761225;25019
700472;-34,5154647836562;-58,5183448794953;25019
700473;-34,5161170970635;-58,5176162720415;25019
700474;-34,5168776198337;-58,5171598013257;25019
700475;-34,5170320283818;-58,5169959562751;25019
700476;-34,5173849791514;-58,516621435927;25019
700477;-34,5177955631897;-58,5161857607366;25019
700478;-34,5183670448574;-58,5155976129991;25019
700479;-34,5187046796727;-58,5152501310916;25019
700480;-34,5188140875859;-58,5147552486491;25019
700481;-34,5200004584641;-58,5135688779579;25019
700482;-34,5208702096138;-58,512722015548;25019
700483;-34,5217742933132;-58,5119171143404;25019
700484;-34,5219650278255;-58,5117645260064;25019
700485;-34,5219841016282;-58,5111885066043;25019
700486;-34,5226173411484;-58,5106773371791;25019
700487;-34,5233230595806;-58,5101394654856;25019
700488;-34,5238227854714;-58,5097694396132;25019
700489;-34,5240135197901;-58,5096282958474;25019
700490;-34,5246009835346;-58,5091896056567;25019
700491;-34,5252075206646;-58,5087394717738;25019
700492;-34,5258522043624;-58,5082778932715;25019
700493;-34,5264244092615;-58,5078811646097;25019
700494;-34,5270080575912;-58,5074768063751;25019
700495;-34,5276031501783;-58,5070648193082;25019
700496;-34,5281964331887;-58,5066456128752;25019
700497;-34,5288022804431;-58,5078598762862;25019
700498;-34,5288254743301;-58,5079139169998;25019
700499;-34,5294356576169;-58,5091663850935;25019
700500;-34,5301934650929;-58,5106994104372;25019
700501;-34,530997903267;-58,5123623284653;25019
700502;-34,5316173189542;-58,5136364803605;25019
700503;-34,5316819897633;-58,5137660263468;25019
700504;-34,53267098545;-58,5157851441612;25019
700505;-34,5333825972421;-58,5172319763963;25019
700506;-34,5342145120839;-58,5189381011989;25019
700507;-34,5345467170412;-58,5195748256022;25019
700508;-34,5352586810738;-58,5210543919351;25019
700509;-34,5352772316547;-58,5210976308923;25019
700510;-34,5357392778408;-58,5220370477166;25019
700511;-34,535803940024;-58,5221666068034;25019
700512;-34,5362568350265;-58,5230953052557;25019
700513;-34,5363216278325;-58,5232357555699;25019
700514;-34,5368204938537;-58,5242398980034;25019
700515;-34,5373657247092;-58,5253521551345;25019
700516;-34,5378649681862;-58,5263889925464;25019
700517;-34,5383913690208;-58,5274362562728;25019
700518;-34,5390663418084;-58,5288458094297;25019
700519;-34,5373197855201;-58,529764243017;25019
700520;-34,5381101127692;-58,5310247271584;25019
700521;-34,5385601921538;-58,531724813089;25019
700522;-34,5391116197066;-58,5326082963869;25019
700523;-34,5395989138745;-58,5334057775029;25019
700524;-34,5396998720823;-58,5335564995702;25019
700525;-34,5403928568721;-58,5342196763253;25019
700526;-34,5414043784281;-58,5351387035214;25019
700527;-34,5422980904547;-58,5360053522239;25019
700528;-34,5431910135594;-58,5368066760899;25019
700529;-34,5440296015164;-58,5375871815455;25019
700530;-34,5441799226726;-58,5377207136048;25019
700531;-34,5420949302798;-58,5401154521922;25019
700532;-34,541578639364;-58,5406582067828;25019
700533;-34,5406360352787;-58,5417312336352;25019
700534;-34,5401734159237;-58,5422403554032;25019
700535;-34,5398084917453;-58,5426279522645;25019
700536;-34,5366482988513;-58,5463264055571;25019
700537;-34,5365523157278;-58,5462137085318;25019
700538;-34,5361135344742;-58,5456985254235;25019
700539;-34,5360404040642;-58,5456126620975;25019
700540;-34,5355377607036;-58,5450332453778;25019
700541;-34,5354554884877;-58,5449366504651;25019
700542;-34,5349985491147;-58,544410905031;25019
700543;-34,534916146605;-58,5443034218529;25019
700544;-34,5344409217206;-58,5437562182619;25019
700545;-34,5343492473081;-58,5436271145497;25019
700546;-34,5342754660405;-58,5434868077833;25019
700547;-34,5342473920786;-58,5434001634103;25019
700548;-34,5342281997292;-58,5433024727095;25019
700549;-34,5342174991931;-58,5431610674493;25019
700550;-34,5342073182389;-58,5430632198355;25019
700551;-34,5341792439814;-58,5429765756856;25019
700552;-34,5341512996128;-58,5429008209889;25019
700553;-34,5340964504023;-58,5428364268343;25019
700554;-34,5339780002298;-58,5427295745642;25019
700555;-34,5334199741504;-58,5420422392018;25019
700556;-34,5333729657959;-58,5418796854671;25019
700557;-34,5328055332745;-58,5411598503536;25019
700558;-34,5327051048691;-58,5410526876604;25019
700559;-34,5321514454037;-58,5403544062253;25019
700560;-34,5322088490872;-58,5402553816928;25019
700561;-34,5329645456086;-58,5393817621787;25019
700562;-34,5336487945325;-58,5385638333614;25019
700563;-34,5337113541583;-58,5385191736623;25019
700564;-34,5337833163538;-58,5385070243647;25019
700565;-34,5342848355878;-58,5382368590302;25019
700566;-34,5343386442444;-58,5382141350581;25019
700567;-34,5336868334948;-58,5364719837711;25019
700568;-34,5334257628925;-58,535746818982;25019
700569;-34,5330160606632;-58,5346539517471;25019
700570;-34,5327643833033;-58,5339613082978;25019
700571;-34,5324940249928;-58,5332145395948;25019
700572;-34,5323961902554;-58,5325736623325;25019
700573;-34,5323952741863;-58,532497438534;25019
700574;-34,5323905066714;-58,5324757393764;25019
700575;-34,5323666690396;-58,5323672436275;25019
700576;-34,5321916822505;-58,530932652136;25019
700577;-34,5321602073703;-58,5309386507403;25019
700578;-34,5317371235611;-58,5309842025234;25019
700579;-34,5315929389299;-58,5309867352601;25019
700580;-34,5308008403611;-58,5310768872837;25019
700581;-34,5306567866924;-58,5310903086527;25019
700582;-34,5305038524641;-58,5311147771036;25019
700583;-34,5297835839922;-58,5311818827351;25019
700584;-34,5296036150835;-58,5312068254845;25019
700585;-34,52934267324;-58,5312440811262;25019
700586;-34,528658712619;-58,531332328613;25019
700587;-34,5282537168991;-58,5313830036597;25019
700588;-34,5281319955477;-58,5313796955231;25019
700589;-34,5272878508423;-58,5297663516054;25019
700590;-34,5271769591089;-58,5295395955806;25019
700591;-34,5259390170771;-58,5277861965986;25019
700592;-34,5253380600892;-58,5269091992752;25019
700593;-34,5252621844467;-58,526970433073;25019
700594;-34,5245124376626;-58,5275826062413;25019
700595;-34,5244895149704;-58,5275503386096;25019
700596;-34,5240880651483;-58,5278950048803;25019
700597;-34,523312065691;-58,5285729639602;25019
700598;-34,5226874880138;-58,5291012312676;25019
700599;-34,5221882173376;-58,5295565026815;25019
700600;-34,5221082932554;-58,5296559180712;25019
700601;-34,5216069387375;-58,5303126845555;25019
700602;-34,5209148440281;-58,5312232603218;25019
700603;-34,5204486105177;-58,5318031626632;25019
700604;-34,5200628239018;-58,5323271983131;25019
700605;-34,5200002663381;-58,5323718548924;25019
700606;-34,5195128058919;-58,5330610139324;25019
700607;-34,5194548192025;-58,5331110343825;25019
700608;-34,5192524604667;-58,533898640602;25019
700609;-34,519244625177;-58,5339967851955;25019
700610;-34,5175305990876;-58,5357527989126;25019
700611;-34,5157566815396;-58,5332684245256;25019
700612;-34,5150410921956;-58,5322247197111;25019
700613;-34,5146176609531;-58,531491688339;25019
700614;-34,5140476829196;-58,5305652350226;25019
700615;-34,5130372984679;-58,531241753876;25019
700616;-34,5126845789178;-58,5303931703346;25019
700617;-34,5122774565897;-58,5295183279287;25019
700618;-34,5115188376483;-58,527898354493;25019
700619;-34,5110100762638;-58,5268184416995;25019
700620;-34,5107462864857;-58,5262459901976;25019
700083;-34,5185338068079;-58,537107333752;25021
700084;-34,5184972388112;-58,5370644146784;25021
700085;-34,5180849346222;-58,5365053667837;25021
700086;-34,5175626617338;-58,535795795763;25021
700087;-34,5175305990876;-58,5357527989126;25021
700088;-34,519244625177;-58,5339967851955;25021
700089;-34,5192524604667;-58,533898640602;25021
700090;-34,5194548192025;-58,5331110343825;25021
700091;-34,5195128058919;-58,5330610139324;25021
700092;-34,5200002663381;-58,5323718548924;25021
700093;-34,5200628239018;-58,5323271983131;25021
700094;-34,5204486105177;-58,5318031626632;25021
700095;-34,5209148440281;-58,5312232603218;25021
700096;-34,5216069387375;-58,5303126845555;25021
700097;-34,5221082932554;-58,5296559180712;25021
700098;-34,5221882173376;-58,5295565026815;25021
700099;-34,5226874880138;-58,5291012312676;25021
700100;-34,523312065691;-58,5285729639602;25021
700101;-34,5240880651483;-58,5278950048803;25021
700102;-34,5244895149704;-58,5275503386096;25021
700103;-34,5245124376626;-58,5275826062413;25021
700104;-34,5252621844467;-58,526970433073;25021
700105;-34,5253380600892;-58,5269091992752;25021
700106;-34,5259390170771;-58,5277861965986;25021
700107;-34,5271769591089;-58,5295395955806;25021
700108;-34,5272878508423;-58,5297663516054;25021
700109;-34,5281319955477;-58,5313796955231;25021
700110;-34,5282537168991;-58,5313830036597;25021
700111;-34,528658712619;-58,531332328613;25021
700112;-34,52934267324;-58,5312440811262;25021
700113;-34,5296036150835;-58,5312068254845;25021
700114;-34,5297835839922;-58,5311818827351;25021
700115;-34,5305038524641;-58,5311147771036;25021
700116;-34,5306567866924;-58,5310903086527;25021
700117;-34,5308008403611;-58,5310768872837;25021
700118;-34,5315929389299;-58,5309867352601;25021
700119;-34,5317371235611;-58,5309842025234;25021
700120;-34,5321602073703;-58,5309386507403;25021
700121;-34,5321916822505;-58,530932652136;25021
700122;-34,5323666690396;-58,5323672436275;25021
700123;-34,5323905066714;-58,5324757393764;25021
700124;-34,5323952741863;-58,532497438534;25021
700125;-34,5323961902554;-58,5325736623325;25021
700126;-34,5324940249928;-58,5332145395948;25021
700127;-34,5327643833033;-58,5339613082978;25021
700128;-34,5330160606632;-58,5346539517471;25021
700129;-34,5334257628925;-58,535746818982;25021
700130;-34,5336868334948;-58,5364719837711;25021
700131;-34,5343386442444;-58,5382141350581;25021
700132;-34,5342848355878;-58,5382368590302;25021
700133;-34,5337833163538;-58,5385070243647;25021
700134;-34,5337113541583;-58,5385191736623;25021
700135;-34,5336487945325;-58,5385638333614;25021
700136;-34,5329645456086;-58,5393817621787;25021
700137;-34,5322088490872;-58,5402553816928;25021
700138;-34,5321514454037;-58,5403544062253;25021
700139;-34,5321426290797;-58,5403708971936;25021
700140;-34,5321159848479;-58,5404040364041;25021
700141;-34,5318004337797;-58,540774403972;25021
700142;-34,5310892642331;-58,5416036570421;25021
700143;-34,5304930294773;-58,5422457427244;25021
700144;-34,5298529024871;-58,5429866037358;25021
700145;-34,5288926379997;-58,5440924295988;25021
700146;-34,527972655468;-58,5451757474824;25021
700147;-34,5273464075283;-58,5444351767185;25021
700148;-34,5273000515866;-58,5443270757417;25021
700149;-34,5267061184962;-58,5436512986753;25021
700150;-34,5261667710834;-58,543018142775;25021
700151;-34,5244854988954;-58,5411089360421;25021
700152;-34,5238181547748;-58,5403255819924;25021
700153;-34,523333771858;-58,5397677412864;25021
700154;-34,5229409349675;-58,539328100525;25021
700155;-34,522885953817;-58,5392528292347;25021
700156;-34,5224016965271;-58,538705888784;25021
700157;-34,522227870565;-58,5384911231501;25021
700158;-34,5215057891252;-58,5376543175517;25021
700159;-34,5214555083526;-58,5375953014659;25021
700160;-34,5214142391338;-58,537536127921;25021
700161;-34,5208384239333;-58,5368710189139;25021
700162;-34,5207833108893;-58,5367848635123;25021
700163;-34,5203902028181;-58,5363234749803;25021
700164;-34,5203077936762;-58,536216018277;25021
700165;-34,5197510392109;-58,5356377115383;25021
700166;-34,5191203531149;-58,5364110280145;25021
700167;-34,5190133884116;-58,536510906186;25021
700168;-34,5186493923504;-58,5369746373092;25021
700169;-34,5185338068079;-58,537107333752;25021
700368;-34,5342145120839;-58,5189381011989;25022
700369;-34,5333825972421;-58,5172319763963;25022
700370;-34,53267098545;-58,5157851441612;25022
700371;-34,5316819897633;-58,5137660263468;25022
700372;-34,5316173189542;-58,5136364803605;25022
700373;-34,530997903267;-58,5123623284653;25022
700374;-34,5301934650929;-58,5106994104372;25022
700375;-34,5294356576169;-58,5091663850935;25022
700376;-34,5288254743301;-58,5079139169998;25022
700377;-34,5288022804431;-58,5078598762862;25022
700378;-34,5281964331887;-58,5066456128752;25022
700379;-34,5282402045467;-58,5066146854971;25022
700380;-34,5288658155233;-58,506179809032;25022
700381;-34,5294342049657;-58,5057792659834;25022
700382;-34,5300369270755;-58,5053558348239;25022
700383;-34,5306282056082;-58,5049400330278;25022
700384;-34,5316581738835;-58,5042190549161;25022
700385;-34,5320205693063;-58,5039672850185;25022
700386;-34,5323638923664;-58,50386047311;25022
700387;-34,5326232918757;-58,5037651057034;25022
700388;-34,5329589850954;-58,5037345882117;25022
700389;-34,5331993113514;-58,5036621096043;25022
700390;-34,5334854132357;-58,5034675593597;25022
700391;-34,5341644296351;-58,5029373174273;25022
700392;-34,5350456247792;-58,5023002629794;25022
700393;-34,5356178295893;-58,5018692017439;25022
700394;-34,5367889416014;-58,5011253352295;25022
700395;-34,5370292676865;-58,5009727479651;25022
700396;-34,537906647943;-58,500335693381;25022
700397;-34,5387924206084;-58,4997301839265;25022
700398;-34,5391240383612;-58,500617512499;25022
700399;-34,5391563806724;-58,5006822858755;25022
700400;-34,5397210482772;-58,5018920979994;25022
700401;-34,5402024651461;-58,5029291391832;25022
700402;-34,5402674144021;-58,5030804694963;25022
700403;-34,5407948125478;-58,5041929488144;25022
700404;-34,5408597602842;-58,5043442812241;25022
700405;-34,5411277606741;-58,5048841114192;25022
700406;-34,5412205419121;-58,5051003023104;25022
700407;-34,5413223341987;-58,5053163325727;25022
700408;-34,5415537516257;-58,5058132525304;25022
700409;-34,5417019323715;-58,5061373812846;25022
700410;-34,5419981581643;-58,5067747520714;25022
700411;-34,5425716456014;-58,5079735968943;25022
700412;-34,5430803127049;-58,509032008397;25022
700413;-34,5432377625406;-58,5093777691276;25022
700414;-34,5436357558007;-58,5102312059974;25022
700415;-34,5437095748331;-58,5103714973773;25022
700416;-34,5438483338482;-58,5106631319488;25022
700417;-34,5442460528382;-58,5114948002972;25022
700418;-34,5447643652568;-58,5126075479789;25022
700419;-34,5448110146372;-58,512737433803;25022
700420;-34,5453935893688;-58,5139470918769;25022
700421;-34,5459301679679;-58,5150813320108;25022
700422;-34,5465592334234;-58,5164100230357;25022
700423;-34,5473457107946;-58,5180845292008;25022
700424;-34,5474191245125;-58,518192160962;25022
700425;-34,5478170580553;-58,5190456840853;25022
700426;-34,5482610995035;-58,519985546493;25022
700427;-34,5487419715546;-58,5209901282641;25022
700428;-34,5493251262806;-58,5222543591649;25022
700429;-34,5497875620162;-58,5232266117277;25022
700430;-34,550370430994;-58,5244690918212;25022
700431;-34,5504442341948;-58,524609407477;25022
700432;-34,5504084515161;-58,5246318266966;25022
700433;-34,5450509507235;-58,5265782154721;25022
700434;-34,5436156010821;-58,5278888741262;25022
700435;-34,5423850078374;-58,5289889231164;25022
700436;-34,542367640875;-58,529043692242;25022
700437;-34,5423389005003;-58,5289025928577;25022
700438;-34,5416922095848;-58,5275959666692;25022
700439;-34,5416458386019;-58,5274878573292;25022
700440;-34,5390663418084;-58,5288458094297;25022
700441;-34,5383913690208;-58,5274362562728;25022
700442;-34,5378649681862;-58,5263889925464;25022
700443;-34,5373657247092;-58,5253521551345;25022
700444;-34,5368204938537;-58,5242398980034;25022
700445;-34,5363216278325;-58,5232357555699;25022
700446;-34,5362568350265;-58,5230953052557;25022
700447;-34,535803940024;-58,5221666068034;25022
700448;-34,5357392778408;-58,5220370477166;25022
700449;-34,5352772316547;-58,5210976308923;25022
700450;-34,5352586810738;-58,5210543919351;25022
700451;-34,5345467170412;-58,5195748256022;25022
700452;-34,5342145120839;-58,5189381011989;25022
699931;-34,5183832086199;-58,4866532448423;25015
699932;-34,5184951088074;-58,4865913285205;25015
699933;-34,5208494421924;-58,48528552118;25015
699934;-34,5220500766969;-58,4847083938214;25015
699935;-34,5228738524325;-58,4842687591719;25015
699936;-34,5238766367269;-58,4837278591723;25015
699937;-34,5265529058144;-58,4822200108178;25015
699938;-34,5277434280646;-58,481555855039;25015
699939;-34,5288447807952;-58,4809695353589;25015
699940;-34,5296237545808;-58,4805524216834;25015
699941;-34,5305549705283;-58,4800562956731;25015
699942;-34,5315580034774;-58,4795370701231;25015
699943;-34,5323910392738;-58,4791189454523;25015
699944;-34,5326420000067;-58,4790054677522;25015
699945;-34,5335195474299;-58,4785429562875;25015
699946;-34,5344066469484;-58,4781238272332;25015
699947;-34,5353562807989;-58,4776599836594;25015
699948;-34,5363324031328;-58,4771520794361;25015
699949;-34,5382356215514;-58,4761806960522;25015
699950;-34,5383231316099;-58,4763315902417;25015
699951;-34,5388038107403;-58,4772922311089;25015
699952;-34,5388776667108;-58,4774324839968;25015
699953;-34,5392286501265;-58,4781123008155;25015
699954;-34,5395799012519;-58,4788139029973;25015
699955;-34,540346826577;-58,4803248775138;25015
699956;-34,540726318729;-58,4811240169755;25015
699957;-34,5415602203717;-58,4829497008968;25015
699958;-34,5416069007721;-58,4830795640479;25015
699959;-34,5418573766343;-58,4836523244202;25015
699960;-34,5419036505644;-58,4837495181178;25015
699961;-34,5422190953958;-58,4844736010644;25015
699962;-34,5424791167809;-58,4850897674458;25015
699963;-34,5425163782665;-58,4851871259893;25015
699964;-34,5428415014443;-58,4859655079045;25015
699965;-34,5431672947202;-58,4867983474663;25015
699966;-34,5434928126482;-58,487609413018;25015
699967;-34,5437994935908;-58,4883554686755;25015
699968;-34,5440967544104;-58,4890690215569;25015
699969;-34,5444214493869;-58,4898147626016;25015
699970;-34,5447458706374;-58,4905387285388;25015
699971;-34,545061007186;-58,4912410817521;25015
699972;-34,5453854202333;-58,4919650589959;25015
699973;-34,5458115759831;-58,4928996223488;25015
699974;-34,5462436216148;-58,4937933715811;25015
699975;-34,5387924206084;-58,4997301839265;25015
699976;-34,537906647943;-58,500335693381;25015
699977;-34,5370292676865;-58,5009727479651;25015
699978;-34,5367889416014;-58,5011253352295;25015
699979;-34,5356178295893;-58,5018692017439;25015
699980;-34,5350456247792;-58,5023002629794;25015
699981;-34,5341644296351;-58,5029373174273;25015
699982;-34,5334854132357;-58,5034675593597;25015
699983;-34,5331993113514;-58,5036621096043;25015
699984;-34,5329589850954;-58,5037345882117;25015
699985;-34,5326232918757;-58,5037651057034;25015
699986;-34,5323638923664;-58,50386047311;25015
699987;-34,5320205693063;-58,5039672850185;25015
699988;-34,5316581738835;-58,5042190549161;25015
699989;-34,5306282056082;-58,5049400330278;25015
699990;-34,5300369270755;-58,5053558348239;25015
699991;-34,5294342049657;-58,5057792659834;25015
699992;-34,5288658155233;-58,506179809032;25015
699993;-34,5282402045467;-58,5066146854971;25015
699994;-34,5281964331887;-58,5066456128752;25015
699995;-34,5281596119511;-58,5065317716573;25015
699996;-34,5272168587947;-58,5046209534162;25015
699997;-34,5264768668716;-58,5030768288616;25015
699998;-34,5258479323455;-58,5017703333248;25015
699999;-34,5248491658948;-58,4997081614918;25015
700000;-34,524174469969;-58,4983480870539;25015
700001;-34,5234626416624;-58,496901580363;25015
700002;-34,5227598081877;-58,4954549366478;25015
700003;-34,5220757865189;-58,4940733187147;25015
700004;-34,5211972687732;-58,4922705224028;25015
700005;-34,5204022500193;-58,490662273507;25015
700006;-34,5195983340977;-58,489065105679;25015
700007;-34,5187661502589;-58,4873704737238;25015
700008;-34,518489335136;-58,4868527813647;25015
700009;-34,5183832086199;-58,4866532448423;25015
700010;-34,5172728001756;-58,5386865719205;25020
700011;-34,5179566588598;-58,5378361340209;25020
700012;-34,5184982821204;-58,5371515133;25020
700013;-34,5185338068079;-58,537107333752;25020
700014;-34,5186493923504;-58,5369746373092;25020
700015;-34,5190133884116;-58,536510906186;25020
700016;-34,5191203531149;-58,5364110280145;25020
700017;-34,5197510392109;-58,5356377115383;25020
700018;-34,5203077936762;-58,536216018277;25020
700019;-34,5203902028181;-58,5363234749803;25020
700020;-34,5207833108893;-58,5367848635123;25020
700021;-34,5208384239333;-58,5368710189139;25020
700022;-34,5214142391338;-58,537536127921;25020
700023;-34,5214555083526;-58,5375953014659;25020
700024;-34,5215057891252;-58,5376543175517;25020
700025;-34,522227870565;-58,5384911231501;25020
700026;-34,5224016965271;-58,538705888784;25020
700027;-34,522885953817;-58,5392528292347;25020
700028;-34,5229409349675;-58,539328100525;25020
700029;-34,523333771858;-58,5397677412864;25020
700030;-34,5238181547748;-58,5403255819924;25020
700031;-34,5244854988954;-58,5411089360421;25020
700032;-34,5261667710834;-58,543018142775;25020
700033;-34,5267061184962;-58,5436512986753;25020
700034;-34,5273000515866;-58,5443270757417;25020
700035;-34,5273464075283;-58,5444351767185;25020
700036;-34,527972655468;-58,5451757474824;25020
700037;-34,5288926379997;-58,5440924295988;25020
700038;-34,5298529024871;-58,5429866037358;25020
700039;-34,5304930294773;-58,5422457427244;25020
700040;-34,5310892642331;-58,5416036570421;25020
700041;-34,5318004337797;-58,540774403972;25020
700042;-34,5321159848479;-58,5404040364041;25020
700043;-34,5321426290797;-58,5403708971936;25020
700044;-34,5321514454037;-58,5403544062253;25020
700045;-34,5327051048691;-58,5410526876604;25020
700046;-34,5328055332745;-58,5411598503536;25020
700047;-34,5333729657959;-58,5418796854671;25020
700048;-34,5334199741504;-58,5420422392018;25020
700049;-34,5339780002298;-58,5427295745642;25020
700050;-34,5340964504023;-58,5428364268343;25020
700051;-34,5341512996128;-58,5429008209889;25020
700052;-34,5341792439814;-58,5429765756856;25020
700053;-34,5342073182389;-58,5430632198355;25020
700054;-34,5342174991931;-58,5431610674493;25020
700055;-34,5342281997292;-58,5433024727095;25020
700056;-34,5342473920786;-58,5434001634103;25020
700057;-34,5342754660405;-58,5434868077833;25020
700058;-34,5343492473081;-58,5436271145497;25020
700059;-34,5344409217206;-58,5437562182619;25020
700060;-34,534916146605;-58,5443034218529;25020
700061;-34,5349985491147;-58,544410905031;25020
700062;-34,5354554884877;-58,5449366504651;25020
700063;-34,5355377607036;-58,5450332453778;25020
700064;-34,5360404040642;-58,5456126620975;25020
700065;-34,5361135344742;-58,5456985254235;25020
700066;-34,5365523157278;-58,5462137085318;25020
700067;-34,5366482988513;-58,5463264055571;25020
700068;-34,5301987523395;-58,5538826216416;25020
700069;-34,530189869662;-58,5538936663927;25020
700070;-34,5301168738826;-58,5538186905004;25020
700071;-34,5296595849717;-58,5532602610407;25020
700072;-34,5290744529653;-58,5525624667427;25020
700073;-34,5285350209451;-58,5519183455919;25020
700074;-34,5280138673042;-58,5512956978399;25020
700075;-34,5279041775612;-58,5511669074322;25020
700076;-34,5274287246076;-58,5505979310114;25020
700077;-34,5266059138055;-58,5496211363537;25020
700078;-34,5234976807969;-58,545950553053;25020
700079;-34,5220713747433;-58,5442547098402;25020
700080;-34,5205265960529;-58,542452089051;25020
700081;-34,519000465738;-58,540703657464;25020
700082;-34,5172728001756;-58,5386865719205;25020
701215;-34,5391240383612;-58,500617512499;25017
701216;-34,5387924206084;-58,4997301839265;25017
701217;-34,5462436216148;-58,4937933715811;25017
701218;-34,5470705026084;-58,4955838958521;25017
701219;-34,5474680548338;-58,4963937382162;25017
701220;-34,5480696162877;-58,4976683358701;25017
701221;-34,5483843111667;-58,4983380719128;25017
701222;-34,5484489984084;-58,4984676309434;25017
701223;-34,5487727004239;-58,4991372113195;25017
701224;-34,5488369851746;-58,4992340983192;25017
701225;-34,5493465310162;-58,5003578786342;25017
701226;-34,5494664885131;-58,5005844912535;25017
701227;-34,5495128831436;-58,5006925947176;25017
701228;-34,5497760860422;-58,500840383428;25017
701229;-34,5514712448891;-58,5016270113356;25017
701230;-34,5533658522105;-58,5025081422266;25017
701231;-34,5547797781679;-58,5031473530162;25017
701232;-34,5567921908631;-58,5040809140505;25017
701233;-34,5570450437886;-58,5041199650803;25017
701234;-34,5679044013399;-58,5091337695167;25017
701235;-34,568186149807;-58,5093248685147;25017
701236;-34,5687125360912;-58,5096205636798;25017
701237;-34,5692292452658;-58,5098619542558;25017
701238;-34,5679971071245;-58,5108209968427;25017
701239;-34,5659160629193;-58,513124418181;25017
701240;-34,565755317165;-58,5132471328399;25017
701241;-34,5620484526538;-58,516015133274;25017
701242;-34,5596193116318;-58,5178668438953;25017
701243;-34,5581367647154;-58,5189935144541;25017
701244;-34,5570110984714;-58,5198196687543;25017
701245;-34,5557241435566;-58,5207249170532;25017
701246;-34,5551165111405;-58,5211605545632;25017
701247;-34,553938341831;-58,5221183076263;25017
701248;-34,5531171965283;-58,5227864764184;25017
701249;-34,5524554869065;-58,5232230404407;25017
701250;-34,5504442341948;-58,524609407477;25017
701251;-34,550370430994;-58,5244690918212;25017
701252;-34,5497875620162;-58,5232266117277;25017
701253;-34,5493251262806;-58,5222543591649;25017
701254;-34,5487419715546;-58,5209901282641;25017
701255;-34,5482610995035;-58,519985546493;25017
701256;-34,5478170580553;-58,5190456840853;25017
701257;-34,5474191245125;-58,518192160962;25017
701258;-34,5473457107946;-58,5180845292008;25017
701259;-34,5465592334234;-58,5164100230357;25017
701260;-34,5459301679679;-58,5150813320108;25017
701261;-34,5453935893688;-58,5139470918769;25017
701262;-34,5448110146372;-58,512737433803;25017
701263;-34,5447643652568;-58,5126075479789;25017
701264;-34,5442460528382;-58,5114948002972;25017
701265;-34,5438483338482;-58,5106631319488;25017
701266;-34,5437095748331;-58,5103714973773;25017
701267;-34,5436357558007;-58,5102312059974;25017
701268;-34,5432377625406;-58,5093777691276;25017
701269;-34,5430803127049;-58,509032008397;25017
701270;-34,5425716456014;-58,5079735968943;25017
701271;-34,5419981581643;-58,5067747520714;25017
701272;-34,5417019323715;-58,5061373812846;25017
701273;-34,5415537516257;-58,5058132525304;25017
701274;-34,5413223341987;-58,5053163325727;25017
701275;-34,5412205419121;-58,5051003023104;25017
701276;-34,5411277606741;-58,5048841114192;25017
701277;-34,5408597602842;-58,5043442812241;25017
701278;-34,5407948125478;-58,5041929488144;25017
701279;-34,5402674144021;-58,5030804694963;25017
701280;-34,5402024651461;-58,5029291391832;25017
701281;-34,5397210482772;-58,5018920979994;25017
701282;-34,5391563806724;-58,5006822858755;25017
701283;-34,5391240383612;-58,500617512499;25017
